K1,K2,K3,K4,K5,Pareto
19.8913,67.7631,62.0147,50.7086,18.7968,0
3.47179,24.5735,32.3302,45.2903,80.0311,0
34.4339,95.193,42.6472,46.2841,47.5914,0
65.8677,54.6162,99.2464,61.7795,76.4535,1
8.97544,8.7363,77.585,99.3994,88.0599,1
15.5826,55.8365,82.7653,3.82663,26.2941,0
50.983,26.899,94.4498,8.56344,47.0965,0
38.5644,27.8265,94.9191,80.9009,47.4114,0
30.137,39.4302,79.1207,60.6517,55.7861,0
66.373,90.9589,39.6682,17.9549,55.6942,0
86.3708,28.8936,31.1596,79.393,21.3023,0
2.57175,68.4014,85.365,5.12676,72.0553,0
10.2536,32.8299,78.0878,15.4333,63.7744,0
88.4807,28.191,66.4254,64.8456,4.97948,0
73.2595,81.2815,21.2529,21.882,9.90852,0
98.3854,79.9584,84.4005,70.3436,35.2589,1
77.1651,1.94344,6.04756,59.2298,13.8854,0
29.403,97.9491,13.2899,75.6419,29.8448,0
62.6479,13.45,9.93337,8.33488,67.3587,0
49.8629,37.7704,94.0347,47.2198,98.8979,1
92.6466,94.4533,88.9324,61.8674,41.5083,1
86.4535,88.7143,83.3188,3.29065,12.2136,0
51.2894,91.4765,34.5198,43.8015,52.3719,0
98.0872,28.4425,27.8176,65.2718,93.1453,1
40.1416,61.9494,38.563,14.9686,62.9714,0
45.0065,67.0499,7.34199,40.4124,8.68911,0
96.9902,8.24339,79.1484,89.4018,70.8463,1
6.7077,80.6634,96.9389,64.1138,43.9753,0
75.6677,56.7903,30.9701,31.034,22.4175,0
1.21709,71.8707,24.5095,96.7315,38.6452,0
99.8811,84.242,51.5514,97.8819,56.5784,1
3.76942,71.5281,48.5124,72.3524,12.8382,0
60.1088,94.3075,87.1423,4.76046,91.2929,1
59.3899,92.5343,99.7988,21.0391,83.7167,1
27.3809,36.6379,71.145,66.1417,36.2976,0
12.3973,33.1658,67.5702,88.7314,96.6086,0
47.4925,79.4636,31.131,12.8622,10.8743,0
79.3371,61.2054,9.48513,97.5672,9.57757,0
5.67206,11.4778,71.7065,55.0592,49.5572,0
45.2548,71.2227,7.70029,57.9365,99.7646,1
60.4888,93.6558,52.9756,84.813,47.9235,1
5.64117,83.5293,29.547,60.246,49.9323,0
58.1821,97.5217,1.2548,42.0987,61.1219,0
85.5805,29.2108,70.9221,42.3131,49.1456,0
61.9582,24.2785,4.28866,3.74038,29.4019,0
14.8756,88.2874,86.8813,10.5178,15.6727,0
77.2035,23.2337,14.2545,39.2469,97.6651,0
59.5013,21.0716,69.9818,99.1259,14.6157,1
25.8005,40.5083,80.1888,0.797335,26.6608,0
80.2078,22.1757,76.3035,29.0248,87.0401,0
51.9213,72.3443,41.7724,60.4429,53.2135,0
84.2093,48.8758,18.115,48.6045,68.6015,0
16.3928,15.9021,12.4387,89.5135,88.03,0
16.0197,2.03978,77.4964,21.1527,2.45614,0
61.2978,39.6457,91.9964,5.03604,11.7346,0
90.2189,34.8379,3.71696,75.6939,30.9675,0
2.10838,35.3635,82.2815,15.0199,14.4347,0
21.4125,90.0769,19.2223,74.5533,40.4612,0
33.4409,60.1449,1.97805,74.4922,79.9496,0
26.7975,49.0211,61.1985,51.7988,31.3789,0
19.0202,52.7647,1.00198,84.6315,17.3951,0
75.258,25.9431,99.9363,57.0822,63.0472,1
81.6307,33.0642,45.22,46.6305,32.3831,0
18.5521,36.1361,67.994,50.0772,87.2838,0
86.7361,0.0225686,87.1554,8.06099,45.5993,0
45.6086,55.3505,68.2474,89.4815,5.86384,0
7.79652,8.83778,73.0729,2.80078,94.6938,0
63.4634,49.3653,40.8898,85.8622,17.4333,0
8.32394,49.3938,69.3454,25.8551,93.2342,0
89.5243,69.8311,58.4126,46.7514,49.3853,0
30.5094,14.9151,48.8108,79.837,89.0782,0
33.2469,20.6221,65.7268,63.1369,3.66241,0
37.3451,92.5221,38.3485,58.9021,5.767,0
60.2186,28.0791,84.7564,66.7387,74.2154,0
45.1607,88.7892,65.4489,16.8878,85.0004,0
28.9585,19.5421,89.202,19.759,35.6043,0
73.3987,11.299,73.5952,67.1055,55.1236,0
31.1526,90.6136,74.5791,79.5694,8.28456,0
14.6027,45.1425,57.5476,7.43315,30.9238,0
54.5402,90.6848,26.6071,55.8002,85.0687,0
36.6266,92.5203,13.3691,74.7741,17.3346,0
61.18,31.4663,0.480649,58.5741,51.2092,0
29.3142,63.3693,56.1758,28.0497,24.4432,0
85.2116,18.0095,64.2826,16.4713,8.97087,0
49.5963,26.4239,68.6582,8.18042,42.9126,0
63.5141,2.73526,95.6898,96.5622,92.8403,1
2.25442,97.1446,19.8326,17.4288,35.2377,0
48.8891,93.3263,50.8175,10.7774,38.4344,0
44.2417,49.184,76.8185,24.2217,16.4699,0
20.124,94.0745,69.4665,69.0766,49.1492,0
53.3702,51.6939,39.5502,97.6489,96.0831,1
98.662,30.172,11.8916,70.4328,20.9422,0
70.5662,63.3735,49.2198,66.4279,35.3362,0
96.4359,74.8364,64.1766,36.42,56.6235,1
5.45351,34.4433,83.3512,48.9772,96.6249,1
13.2015,34.3509,90.8434,44.656,22.8906,0
90.4555,53.7611,4.36147,65.6324,35.6576,0
44.2111,59.2899,44.0227,63.105,31.4034,0
19.0381,82.5685,31.5702,35.7697,78.9115,0
62.8768,24.192,74.7114,98.4298,57.8768,1
11.0838,43.6921,53.5354,76.9964,67.1641,0
42.9474,68.4608,2.74919,23.2584,3.70743,0
76.663,7.62812,9.85704,33.0563,83.5434,0
30.3672,89.5477,46.6915,56.7661,65.4689,0
60.3406,34.2708,10.6683,83.265,0.886645,0
61.917,99.6537,64.6727,62.3456,77.0003,1
89.2386,16.7399,80.2139,33.2479,28.0267,0
20.7225,94.7686,56.2509,71.016,73.5014,0
83.0993,71.5073,41.0853,59.664,47.7447,0
19.6721,7.48019,64.4229,49.3694,21.148,0
99.7583,97.873,82.2402,99.0383,43.6224,1
42.9912,78.3059,90.927,84.3153,24.386,0
34.7791,36.1536,31.3134,51.5337,76.6383,0
68.6434,5.89595,46.8272,79.8759,77.5038,0
12.3009,77.6626,95.0319,58.1266,72.1147,0
99.0517,55.701,63.9502,30.0053,87.4611,1
74.4089,80.8211,23.8884,47.6531,93.733,0
67.3536,66.0971,86.4164,85.0971,31.2728,0
0.1444,26.277,93.8553,24.1155,80.4151,0
24.2305,64.5458,7.06739,61.4115,92.2712,0
39.5539,30.5334,30.3008,35.114,50.5749,0
58.9675,11.1447,45.9321,72.3305,31.327,0
53.0589,67.6573,42.1282,80.5277,91.551,0
70.9314,98.7913,41.7527,0.16294,86.056,0
24.2624,4.45379,90.7417,24.844,39.754,0
59.7097,29.5485,78.2071,92.7636,44.245,1
20.4458,1.76801,60.985,79.6784,60.4465,0
76.6652,57.2996,0.000485485,22.2604,24.5618,0
42.5314,72.0518,57.3649,59.9504,37.7282,0
85.5606,46.5496,95.7855,6.12289,71.8913,0
43.6573,39.4636,64.7284,47.487,73.3569,0
57.9635,91.2294,17.681,52.6166,74.253,0
45.7283,7.95976,9.84056,97.805,76.2363,0
53.317,89.4598,24.8017,63.741,61.7713,0
38.7285,70.6671,79.425,21.8944,79.3139,0
12.8769,10.1997,43.3932,32.0647,43.2541,0
70.8215,91.4092,32.9924,51.8288,37.8018,0
65.2499,8.20539,85.4551,76.5835,2.33936,0
32.2951,12.0739,4.22432,35.8451,79.1432,0
85.0133,6.44916,49.7927,9.61781,47.0659,0
57.0734,8.76148,77.7471,29.4656,5.57067,0
72.7669,92.0262,75.3102,14.1426,52.1618,0
86.2598,93.668,44.7822,52.5213,6.94736,0
24.4548,26.288,43.5795,50.5806,19.452,0
48.1079,39.6113,9.70753,64.5606,59.1438,0
87.0779,55.8028,71.7566,31.2372,27.7529,0
44.6199,12.8153,19.8758,78.573,77.4262,0
54.9983,68.4694,93.5331,34.2128,58.9108,0
91.261,1.09384,17.6846,27.6531,11.5486,0
88.4324,84.6018,82.9039,76.0344,13.0115,0
78.6915,48.2589,83.7245,31.2888,9.09848,0
69.6827,23.3244,77.7925,33.6148,91.1401,0
11.8953,66.8878,0.530641,60.7044,63.6312,0
9.51394,37.4135,23.27,43.9645,41.0444,0
45.6405,87.0727,23.9031,60.9548,3.31267,0
13.8456,36.1007,75.5185,34.0095,25.0308,0
56.7909,14.3642,20.8241,32.1291,22.5457,0
42.3941,18.8387,45.3802,89.7873,32.4582,0
9.87295,37.6963,50.9511,31.6601,25.51,0
16.9064,50.72,55.2534,52.0868,89.1784,0
94.0208,92.1395,71.4276,55.0305,0.426785,0
23.7098,70.674,92.2823,21.8523,81.4824,0
59.8447,31.7197,91.2668,57.7328,89.018,0
51.9941,82.815,12.2852,39.2462,14.187,0
35.1423,46.6441,46.9639,18.1285,87.6141,0
14.4635,32.083,70.0991,71.9914,83.855,0
21.0274,56.8156,38.3545,24.3669,6.55808,0
99.5831,97.9846,36.9768,80.7524,63.1511,1
8.65226,8.59244,24.0698,53.3727,49.5057,0
35.2523,5.04358,41.5518,32.8636,85.2526,0
26.3689,8.66328,15.6825,3.82307,98.6334,0
67.6405,79.3027,30.1255,97.5581,92.9793,1
38.1267,28.0092,47.4224,96.9641,4.07022,0
64.2595,56.3261,17.9435,46.2989,36.1786,0
44.8481,31.7728,0.369765,10.9728,10.1343,0
59.3348,70.0136,89.2388,78.8546,94.8299,1
52.7314,89.2275,31.6832,69.252,86.7546,0
11.5247,74.8121,14.3652,66.0874,5.16684,0
8.47794,97.328,96.1452,87.1984,23.6077,1
18.6239,0.288493,79.8747,21.9909,24.3462,0
13.942,75.3766,66.9569,85.1369,24.4473,0
93.2679,10.5205,29.154,81.6969,82.5805,1
46.2354,80.5869,45.4383,56.4188,18.5601,0
25.8353,86.4671,81.0965,94.1871,12.7715,0
52.3195,78.9351,69.33,71.5773,71.6422,0
92.0173,56.0897,43.4022,35.6296,65.5785,0
64.7551,42.4932,34.4055,65.0557,38.4439,0
50.8342,82.7033,52.1031,46.3493,65.9966,0
47.1623,71.6324,3.997,47.2626,62.4337,0
58.0518,29.2327,37.4932,45.0626,70.4301,0
54.0083,64.431,26.7403,99.2478,51.4909,1
63.1182,34.7917,9.05483,24.4803,29.4621,0
65.9495,47.7719,95.7179,86.045,72.623,1
60.379,57.3961,98.6328,36.1834,24.6024,1
54.8659,61.6366,0.629626,29.1478,3.80351,0
55.3756,25.8313,62.3221,83.6376,33.1286,0
13.9844,59.2101,26.8716,98.125,42.539,0
11.4393,27.3508,33.9373,42.8663,30.4232,0
24.3824,62.8874,27.6198,70.1781,60.1253,0
14.5404,55.2302,11.2043,78.6815,46.3739,0
87.956,68.9832,18.0874,2.12333,1.40433,0
26.282,27.8384,67.4627,85.6751,57.303,0
12.1174,73.5819,45.5985,82.4895,0.829463,0
20.3039,95.9793,26.7988,22.7018,95.696,0
65.9165,14.1651,27.2378,68.8731,87.581,0
93.2074,88.1261,41.578,36.8738,97.6722,1
21.8842,18.882,51.196,66.7834,56.3335,0
87.9336,69.667,42.9801,91.0754,45.3133,0
36.2898,92.5461,48.1091,21.0361,41.1379,0
58.9896,77.9124,5.63632,71.707,61.113,0
56.0487,9.74114,87.4142,56.136,76.7675,0
41.1886,6.29208,85.0274,77.0254,68.0856,0
72.5637,14.2787,66.1394,68.1811,90.7179,0
53.3186,17.8905,38.0794,71.6854,71.9307,0
8.45235,51.2202,15.6112,5.38592,75.795,0
37.0808,99.9122,18.0901,39.3811,62.8902,1
50.6726,89.4564,23.128,13.5917,78.858,0
31.5284,84.0548,49.1853,94.8775,28.0314,0
20.2503,88.4577,98.9566,29.7861,66.9436,1
10.8709,27.468,10.1203,19.3509,88.6229,0
38.6042,84.2552,8.23014,76.6624,85.179,0
97.116,9.07894,61.8351,56.1668,41.2143,0
36.2801,26.0141,15.2339,41.7245,28.5482,0
29.3474,1.96174,70.9411,20.5678,54.7518,0
45.8974,81.937,71.8687,94.9066,29.9466,0
15.366,46.105,13.5882,65.761,23.569,0
21.4513,55.4254,16.9137,35.9479,47.2318,0
21.6447,68.4507,39.3502,16.9049,28.4565,0
24.7267,70.3035,4.17033,68.5934,35.4286,0
20.9311,35.1586,99.6294,7.23796,71.0565,0
87.3479,93.8077,86.416,16.5769,15.7764,0
96.1101,96.5368,1.27639,12.2378,72.4364,1
97.1623,15.5103,79.9931,3.06416,64.9392,0
59.1766,63.3024,55.3437,91.4735,12.6678,0
34.0668,65.3659,25.3495,0.189726,24.8563,0
26.6889,42.6446,45.2696,44.5375,75.5852,0
22.3271,99.7779,78.6034,54.2955,97.1046,1
11.6257,36.6292,36.1243,13.7806,18.3001,0
71.066,90.0156,61.0725,91.8918,55.9494,1
54.4797,72.6837,49.429,54.2954,43.4317,0
2.17972,21.2566,62.9184,92.1895,88.7064,0
85.2968,88.0306,17.8381,70.3744,21.1186,0
31.9911,45.6537,41.5198,38.7437,88.1103,0
42.7956,30.2118,61.104,17.285,86.5142,0
92.1277,15.5174,91.9894,51.5197,37.0683,0
97.775,66.4178,54.486,83.5845,21.7735,0
94.6677,35.8372,53.0877,38.4343,82.373,0
4.35826,32.3239,23.27,93.1758,62.3492,0
36.8246,42.8307,72.0732,92.0873,12.3115,0
53.1875,3.7907,64.3922,25.1192,80.4872,0
87.6321,45.6667,18.4636,84.1427,67.1781,0
46.3338,67.7955,72.5596,47.2312,17.9044,0
51.815,86.3211,60.4467,86.4065,80.7982,1
29.9514,8.83884,23.475,56.9294,15.0049,0
4.38103,94.112,6.72055,82.5206,42.0271,0
29.773,46.7635,28.8248,87.8382,41.5,0
19.3194,2.35143,18.0319,7.95959,97.5756,0
45.7163,37.5506,30.1288,2.45183,15.1366,0
0.315611,12.3729,28.4946,80.0049,98.1256,1
76.48,61.8567,45.7722,95.7244,7.21376,0
6.66313,87.4488,37.3977,7.6327,57.983,0
30.0296,49.0729,98.7147,94.1849,69.3001,1
14.7027,97.3276,11.784,35.8809,51.1171,0
18.6361,26.2767,84.2568,24.8278,82.7787,0
52.3153,69.6613,11.285,70.0141,7.81175,0
81.3563,0.711436,98.1631,6.98983,34.2856,1
96.1535,29.8805,51.4836,7.65782,8.35383,0
40.7983,2.1353,22.0265,4.72946,72.6221,0
77.1284,64.0187,63.1866,80.7303,1.58456,0
4.4208,66.8357,98.753,11.2772,54.3493,0
92.8212,70.3447,49.8734,37.9856,28.6263,0
86.9785,13.1387,89.226,22.273,50.4528,0
80.5081,9.67962,8.75762,10.1175,41.9601,0
36.9418,65.667,57.2026,74.9835,33.4957,0
91.198,10.4294,14.5167,31.1117,25.8442,0
90.9126,94.8877,57.9788,87.8682,46.3143,1
15.7723,23.5399,6.86637,68.9678,1.49626,0
71.3043,36.4972,37.8401,74.3319,15.3171,0
9.05329,4.18985,30.6942,56.3459,51.0017,0
28.7104,57.3377,6.37688,35.0346,50.1958,0
29.3064,67.6864,92.1015,32.9042,0.76791,0
75.8682,84.4285,76.8139,27.7955,92.0464,1
42.4831,34.2754,16.8475,14.1443,3.66249,0
89.0249,9.76146,16.1426,43.5408,95.3763,0
58.4141,93.3532,94.7619,61.1999,72.7002,1
57.1608,95.4585,63.0253,8.34273,10.9763,0
94.3529,88.0955,25.1197,8.49452,95.1914,1
55.3248,99.4179,41.1698,10.7151,51.6456,0
96.7795,42.7953,57.6688,78.8035,3.26792,0
87.3585,80.2854,67.9832,54.5685,15.4025,0
64.74,67.8584,60.4637,81.8925,45.4211,0
95.281,88.8321,59.3857,58.097,35.1627,0
86.6042,9.39888,18.0109,33.2478,96.9217,0
10.428,59.4565,65.3885,85.0703,90.7742,0
23.7373,82.253,52.0385,69.696,7.85181,0
90.6312,52.2709,39.5095,16.6159,0.426465,0
57.2461,11.7746,97.0545,37.0884,14.2041,0
27.1722,9.69057,24.3524,88.2264,65.3892,0
48.5092,57.8608,41.2258,86.2515,47.7843,0
80.7299,24.9444,30.5924,33.6647,32.9299,0
39.8387,70.459,73.4926,81.5351,21.0094,0
95.7024,39.2966,12.9343,80.993,64.9441,0
57.9911,31.3558,80.9335,48.6171,72.8293,0
27.1384,6.28191,9.57471,92.4133,91.5955,0
49.0208,9.72302,76.0026,14.2826,97.6837,0
45.7316,82.2151,84.9716,54.9823,50.651,0
15.3814,31.2448,65.3224,10.1475,49.1197,0
10.9852,71.2085,56.6766,29.4475,47.1836,0
79.1467,66.7862,43.6279,19.0031,30.0996,0
35.284,46.5245,24.5227,12.9052,1.83529,0
83.5112,53.7771,34.0151,33.653,79.4735,0
39.2223,67.9777,92.5808,45.6162,34.6178,0
52.5232,38.4206,55.8652,73.3697,53.2217,0
4.87347,97.7783,38.8045,68.8969,45.7602,0
24.7794,53.3387,18.2296,61.4185,71.9159,0
91.1872,45.9044,38.185,87.3879,52.4692,0
56.1598,39.8579,51.9835,17.8901,62.064,0
9.34523,55.9005,83.865,11.9181,61.5137,0
22.5345,91.163,14.1924,29.4355,14.0982,0
22.8953,41.312,32.7863,27.1166,34.3499,0
39.1599,54.3924,69.2546,15.0753,96.098,0
79.4616,63.0945,77.203,92.4328,95.4348,1
72.9468,68.947,7.7363,88.6951,61.9044,0
37.5335,13.7869,76.1909,99.0241,17.8667,0
79.3637,57.7435,53.9645,13.4648,70.0289,0
78.0124,30.2082,25.1273,15.4127,67.3537,0
23.1846,5.43761,38.5213,54.7018,27.3865,0
41.1344,47.4128,0.566616,7.69034,62.7028,0
56.822,24.7497,70.1434,17.2918,95.4561,0
91.7903,69.6724,35.3087,25.0863,67.662,0
1.76955,66.5344,91.1528,36.2226,22.9926,0
55.4319,36.838,61.5195,20.4433,35.5528,0
51.0007,37.3529,26.5807,85.5143,93.2477,0
73.1412,13.9714,92.975,44.6632,2.94319,0
19.4468,95.8266,87.6893,82.8954,41.8467,0
41.693,49.8492,20.1436,39.734,42.2552,0
77.7399,31.8987,14.6879,14.0893,20.5094,0
90.8615,89.7607,16.7511,5.8736,27.724,0
53.801,94.8997,80.2751,76.9774,86.9037,1
9.15397,23.9439,82.9564,75.1751,96.5998,0
13.0781,52.0067,6.79476,26.1136,33.9755,0
76.1761,65.107,91.6501,51.6489,79.2427,1
33.3861,44.3881,56.2734,69.9916,57.5963,0
68.3382,99.1673,85.1985,33.679,1.00364,1
1.01927,78.6204,80.7442,90.8326,59.7639,0
72.3916,54.0407,93.6085,7.80419,79.8896,0
28.2847,34.1449,13.3963,17.0956,38.8596,0
24.3353,60.0108,68.2306,22.3923,98.4142,1
59.6923,87.6906,73.8907,23.6086,78.3692,0
8.96004,15.6372,30.0261,46.5536,47.7977,0
72.8941,5.04361,94.5012,21.7313,65.0777,0
73.1823,1.12486,24.2861,56.3904,71.3045,0
36.2808,2.22853,69.6464,96.9288,41.3485,0
76.9842,97.3073,18.3971,97.0345,10.505,0
66.5051,15.6805,28.3697,26.7453,84.907,0
63.5942,64.6561,14.1847,4.9217,20.705,0
75.3547,34.8602,11.3317,89.2176,17.6583,0
0.0645744,57.5794,45.6628,11.0957,74.9412,0
87.2384,47.1277,39.9735,51.8797,47.8889,0
13.7769,3.16563,86.5607,20.1558,55.8524,0
91.5557,21.7581,43.8666,23.9489,58.9799,0
50.2559,52.9661,9.24231,84.243,36.2382,0
66.9939,54.7356,54.9027,34.725,9.09202,0
34.8765,74.8734,86.424,41.575,92.9144,1
0.964722,47.2381,48.8303,49.9657,85.9937,0
32.1608,76.1538,36.9388,41.5992,80.3437,0
87.1009,92.8226,91.4946,27.5062,20.6539,1
77.0597,0.843544,37.578,60.5075,36.0693,0
33.0125,64.0958,50.5687,25.6728,81.7317,0
91.093,30.1544,36.9804,81.8454,3.26187,0
44.8577,69.491,47.7828,4.9893,57.7992,0
21.8116,31.8083,56.3032,36.5835,38.0764,0
59.0878,82.7275,12.7286,3.95909,59.9066,0
60.4086,66.8639,48.3924,64.9554,85.0101,0
35.8223,58.6766,92.7229,65.147,40.6708,0
10.6431,84.1915,16.3327,12.9304,18.6094,0
52.4698,27.0892,27.2571,12.8738,26.6126,0
38.8144,52.7792,0.395652,44.739,67.6238,0
52.5547,82.8726,19.9476,40.6671,69.1574,0
33.9308,18.1907,20.3118,40.3627,19.3101,0
29.6968,1.28298,5.81387,41.2779,32.8489,0
80.7422,98.0094,63.7587,36.9816,91.1884,1
47.0712,36.1186,20.6461,87.2856,61.2417,0
19.0407,79.2164,25.277,1.34385,65.1238,0
87.115,24.8125,38.8841,43.2719,52.1775,0
53.6822,34.5212,30.3873,27.2105,61.2998,0
37.4843,16.7771,65.6367,57.3188,29.4102,0
26.2675,35.5843,16.276,86.7909,64.1772,0
41.6504,38.4482,24.704,75.3958,35.9509,0
24.7131,92.4306,49.8285,27.9272,87.602,0
37.247,15.1004,68.4838,20.0084,22.6137,0
94.8043,93.7841,12.5378,33.3962,46.4557,0
18.4864,31.7327,38.1552,1.6509,51.8121,0
23.7971,36.4125,49.8636,6.4801,49.837,0
88.1325,28.7218,33.8757,80.9563,44.0334,0
72.2717,10.9543,43.6896,49.778,14.0096,0
28.1957,66.5344,42.1635,72.7476,31.3342,0
14.3453,36.2706,28.5416,44.9581,99.8697,1
92.5008,94.7072,27.4876,44.0412,31.6131,0
90.4456,54.3048,64.5505,95.0691,94.5871,1
62.5886,86.4917,38.4228,25.4315,53.2683,0
2.65658,9.77065,73.3804,56.6759,34.8178,0
83.0914,60.7527,1.21083,92.9932,22.843,0
36.4922,36.1224,3.26372,18.8807,68.6048,0
44.4969,96.1618,38.3955,92.1151,59.9358,1
2.558,92.9172,57.4031,96.2649,19.7798,0
7.41548,66.5246,77.385,95.3351,65.5893,0
78.6643,73.905,97.8596,62.2284,2.6705,1
49.0588,92.8349,17.7133,30.8726,71.8215,0
33.1246,17.7058,5.17172,18.5781,61.0183,0
3.70803,25.6119,96.7198,39.3556,29.5905,0
9.75646,40.3566,71.9842,30.2307,23.3946,0
29.5947,64.5795,99.5599,0.624954,39.3088,0
93.2206,26.5305,97.5361,79.2504,98.3106,1
36.2788,97.1749,43.828,95.8334,73.4336,1
90.7205,89.0378,92.4661,93.4238,40.6297,1
83.6779,28.0082,69.4299,41.2041,54.8153,0
65.6651,33.639,79.2675,49.1621,69.8729,0
51.7198,80.0617,3.84199,10.4329,1.46357,0
0.117051,94.6473,75.1633,61.8932,33.9437,0
49.8132,29.8866,68.9499,6.84563,61.8677,0
22.4947,17.9823,56.264,99.4185,0.457865,1
50.2663,46.7764,63.5858,72.5344,52.979,0
64.9283,67.6592,30.1836,58.9535,93.189,0
96.26,86.696,93.4781,36.0916,74.8969,1
18.6372,32.9708,41.4859,49.512,48.1331,0
10.679,82.6055,46.8639,49.4264,25.0932,0
27.2251,23.2429,81.945,7.54011,11.0922,0
14.7075,6.59683,14.0695,30.6922,29.6922,0
55.1765,15.8195,14.6142,50.6575,84.9089,0
87.9759,10.6627,68.8282,53.5309,79.9435,0
52.6232,53.771,45.0163,86.2262,40.3542,0
61.5793,17.0435,54.9101,95.3233,42.7055,0
5.06941,57.0668,84.0036,82.1491,48.05,0
31.2194,27.4448,41.576,48.5166,98.9361,1
38.4757,4.93025,76.8279,3.72392,24.7744,0
85.6891,26.5145,15.4752,98.4401,22.9379,0
44.6288,40.5213,14.7974,84.7405,51.5427,0
79.5387,7.69832,98.2713,94.4236,11.4011,1
17.1667,78.6107,71.6932,98.3687,1.61235,0
92.977,97.3749,81.9731,79.0541,53.8736,1
96.3682,91.5019,31.3413,20.8139,81.8585,1
73.7768,41.6615,31.7832,71.9475,26.002,0
23.9582,64.479,41.9818,94.64,60.7241,0
59.2247,27.0045,5.40718,4.1301,35.4246,0
89.7428,89.2475,29.0777,35.8608,70.9157,1
95.3542,32.4183,70.2498,65.4368,10.7113,0
21.0315,64.7679,81.7351,0.361839,51.538,0
50.3503,64.6916,22.5031,47.1677,35.291,0
55.4795,82.6311,99.6686,43.7675,68.5897,1
78.6045,33.8101,70.397,75.2902,31.7812,0
66.7755,13.0042,64.8875,43.4513,44.5362,0
10.5404,93.2956,80.8854,23.8122,22.9276,0
69.0144,39.9051,1.89851,82.5233,41.6703,0
42.143,53.5389,14.5804,55.3122,20.1114,0
79.4281,45.5103,11.7833,39.7363,37.8234,0
41.1122,31.9931,71.1104,12.276,80.8287,0
88.8649,58.7161,89.4114,81.3,33.0909,0
16.8943,47.2832,79.5619,85.5684,26.7053,0
88.8897,46.2275,56.5823,61.3742,23.8178,0
51.0848,19.5763,6.97772,81.6489,78.3967,0
7.1985,59.7065,99.4125,26.1376,48.8667,0
7.81101,9.70387,23.4814,48.3474,63.3822,0
60.2972,39.0017,48.8045,85.7392,11.1956,0
43.8547,40.3719,5.67516,22.7136,11.5093,0
83.0758,12.3447,47.3694,78.4277,55.6722,0
37.0337,83.4414,63.0553,16.6549,75.23,0
69.5799,68.8362,55.7033,97.505,92.1955,1
14.6991,50.7869,17.3517,48.0294,78.6671,0
20.5681,37.7734,16.8326,59.5938,49.8145,0
19.9284,99.2096,43.5003,94.2893,50.2015,1
52.8997,4.50304,27.7821,69.0996,88.122,0
51.9655,73.2342,34.1954,63.2762,9.63008,0
1.41294,28.4531,19.9859,66.8253,7.70055,0
55.31,61.7007,13.2851,20.4487,30.254,0
84.3542,26.591,88.1911,98.3833,70.5983,1
52.9342,69.2778,8.47148,15.1713,49.5735,0
40.4282,48.1043,66.5986,93.8852,7.70101,0
74.3708,60.8981,51.9566,96.6498,54.4957,1
3.03591,99.1284,10.4649,73.2984,30.7053,0
44.7237,23.1195,63.1928,55.9081,68.9979,0
93.0393,77.9839,52.3869,14.417,13.7121,0
78.1659,97.9974,19.6791,94.7579,8.3004,1
95.0433,93.8822,76.7005,11.4033,55.8437,1
41.2714,60.9786,95.4735,29.1535,69.1854,0
77.6354,65.6304,36.1466,86.1879,93.9714,0
56.5422,53.8274,94.4132,93.0716,38.8072,1
1.62895,85.8162,53.1623,32.1772,9.76479,0
68.4144,72.4537,29.4968,26.6057,8.96263,0
60.8604,6.38259,76.3984,51.8764,82.8655,0
34.5657,62.2394,67.8773,81.377,21.571,0
6.51181,10.1943,1.37181,84.9284,64.7393,0
83.6401,80.4879,19.9973,75.7878,97.8288,1
0.65089,84.155,89.2103,35.6808,11.8538,0
36.5048,85.3346,11.6307,40.2334,92.0265,0
65.5238,43.7743,36.3559,31.16,8.83521,0
0.181012,3.974,35.4147,17.5606,98.3946,0
67.0559,49.8834,64.3132,12.5177,13.6697,0
2.96761,54.3548,59.2808,1.91161,77.8115,0
54.0571,75.7543,42.9614,58.9257,67.2477,0
51.7403,99.902,63.6524,97.8786,47.2788,1
58.3296,73.5149,54.0897,88.6153,95.5223,1
68.8934,67.4194,69.2979,70.7878,15.4854,0
45.6504,19.9736,76.9831,2.12545,49.2628,0
27.4564,48.9094,20.6034,18.1839,37.1268,0
55.0589,56.8826,19.9249,51.0619,73.0836,0
37.3592,45.0709,77.3909,52.2735,92.5675,0
11.8304,30.7378,69.8214,86.5781,73.0888,0
94.9054,99.4004,12.4645,49.6626,49.6585,1
57.7572,94.6481,88.7836,59.3878,38.4562,0
79.8077,34.0516,41.4855,26.9685,37.4008,0
56.4621,29.4014,6.72058,57.6977,61.3656,0
73.625,54.4121,38.7853,8.265,95.7858,0
42.8827,85.9125,91.5889,44.7738,21.5053,0
59.4369,87.1812,59.3041,96.3643,73.8858,1
48.2314,55.8887,90.734,40.9844,12.1659,0
50.2839,90.2999,1.26912,72.7881,94.9122,1
58.4428,82.3979,56.2613,3.61439,41.5791,0
25.4509,40.5634,55.3677,65.9366,92.7519,0
48.133,90.087,83.7392,2.27269,6.5012,0
74.153,14.4349,50.0217,76.5888,13.9631,0
57.1635,19.79,89.1803,16.929,57.6713,0
49.3721,79.9227,77.6089,43.6006,4.46001,0
26.5059,38.8844,91.324,20.6593,63.1455,0
33.9633,32.7671,30.8768,20.4288,26.397,0
2.26145,56.357,25.9161,28.2769,1.14743,0
32.841,64.1136,84.6389,76.1428,70.9742,0
70.2756,84.4172,56.8209,5.85305,49.7848,0
10.1697,52.5558,56.5395,47.3614,35.7699,0
52.9748,74.125,57.4589,47.4107,79.0185,0
17.8938,92.5247,52.1231,86.4832,6.99033,0
36.6721,17.4275,86.7635,49.4815,57.9223,0
3.84567,90.6929,45.9599,64.7722,86.5455,0
80.2153,1.27235,41.8843,92.4772,19.8373,0
27.6776,39.4047,97.8197,32.3513,96.826,1
56.5825,15.1744,74.9893,92.8544,17.285,0
50.4033,58.8693,3.82102,40.0511,64.8271,0
43.6487,39.291,73.2269,86.5159,28.5662,0
97.5624,60.0867,74.0777,61.5551,15.5113,0
96.9348,94.7052,7.88851,7.20365,60.0057,0
39.649,39.835,81.8877,71.8281,20.1824,0
33.4155,25.6504,42.0541,54.2244,88.3586,0
35.9691,72.9818,43.1405,26.2373,63.1063,0
62.6969,74.1824,3.42986,6.11518,48.8405,0
24.8486,62.0733,65.6873,61.0846,60.2441,0
99.5875,52.8093,67.9201,72.4305,61.5705,1
8.74831,62.2441,2.00134,33.1682,20.5341,0
67.1155,74.5234,37.9782,36.0848,45.6969,0
45.7475,91.4396,36.7602,53.2449,65.2596,0
16.4366,41.6478,10.262,50.5164,0.723413,0
86.4015,55.9877,93.97,86.1956,8.61816,1
26.6692,40.6089,10.366,89.1249,94.7463,0
91.3687,21.9012,1.79593,64.2526,6.77242,0
55.8075,14.6518,40.4592,54.0427,74.842,0
21.3595,56.7866,64.4783,75.2772,66.5392,0
63.8675,31.286,29.6487,60.234,80.5067,0
35.7559,15.7643,97.2885,10.312,67.7043,0
92.3015,23.6479,53.5293,47.8604,68.9602,0
28.4434,0.713415,10.0995,42.9827,17.227,0
46.2505,65.1766,61.5099,60.93,78.2795,0
53.3351,33.6259,66.9973,17.2612,18.2372,0
41.2451,59.6528,87.4899,28.8795,21.3409,0
32.0181,79.9549,93.2744,32.505,63.1865,0
55.9915,27.7615,45.6094,96.0658,34.1372,0
29.2774,20.5959,69.1984,67.3793,9.00847,0
4.34929,58.1297,90.7514,61.3695,1.26444,0
8.244,88.7813,16.4607,84.0663,50.5641,0
41.3849,73.6487,53.1829,18.3659,27.5193,0
80.6853,35.7222,36.1549,10.3873,54.3014,0
48.241,95.8614,51.3979,75.5686,62.7138,0
4.37352,59.3053,56.375,8.08329,57.5168,0
94.0514,73.9986,94.6083,5.43597,83.319,1
35.2855,14.7707,11.0817,14.608,27.6896,0
23.2574,57.2746,67.8318,54.3723,45.1927,0
14.2383,75.8118,71.2596,37.1727,52.2227,0
73.4591,67.062,72.6221,51.8356,56.7369,0
56.0899,18.5203,92.5145,13.631,44.659,0
64.8389,62.1793,77.1752,31.23,83.7252,0
81.9279,48.1991,29.3122,45.5932,61.1782,0
49.4738,50.5968,64.6017,14.5219,35.0888,0
32.5104,76.33,66.0562,89.9949,49.8965,0
20.5556,14.1741,99.657,64.9434,37.3779,1
64.775,83.3301,38.2483,16.3875,60.943,0
52.2616,69.6119,57.9379,36.8319,3.89193,0
12.2505,76.7434,74.7352,18.0864,66.0558,0
51.7462,5.64987,10.5246,32.0182,93.0949,0
38.1609,70.4178,87.6836,70.2763,55.1767,0
7.3571,42.6245,59.3683,69.8732,31.674,0
15.0873,80.4642,42.0168,73.1745,50.6506,0
50.1409,30.2053,59.8477,57.3238,36.2427,0
96.1581,73.9567,18.7989,63.6572,51.934,0
17.529,97.6318,9.80979,82.6971,51.9684,1
33.1718,17.4249,27.2285,31.5484,72.8045,0
86.561,76.7717,40.2723,93.5772,29.3197,0
37.7501,82.858,94.3687,41.6561,50.0015,0
77.9414,59.7164,4.09767,59.1377,80.9279,0
50.3336,81.7185,43.0233,12.836,81.3564,0
84.2477,24.9591,67.4957,17.5196,22.97,0
98.9509,5.46858,7.37595,98.0285,71.089,1
61.5922,96.9859,64.3777,78.5193,92.2433,1
12.746,16.5664,54.304,14.4027,86.3625,0
2.85147,81.4937,43.5363,94.8547,5.93298,0
50.7843,11.3013,31.575,81.6096,75.5729,0
97.5218,81.1186,13.5417,63.3714,95.7994,1
0.952545,39.5401,77.1229,40.3439,98.6519,1
65.2803,61.0004,6.99518,0.199915,2.48265,0
11.501,88.6865,45.3421,68.3985,98.9836,1
80.6937,87.9317,68.3597,16.9412,47.9795,0
27.7178,45.821,63.3322,48.2908,44.2993,0
96.6248,51.7708,71.763,91.8132,75.2731,1
8.46678,14.454,18.7349,28.4082,85.4894,0
74.438,16.1129,38.6847,35.6821,20.1092,0
25.718,11.7327,51.7189,65.2995,84.5545,0
75.6161,30.2357,77.8654,86.8107,67.5372,1
36.3196,41.5118,71.046,16.5459,11.8685,0
28.698,18.3994,56.1625,63.0736,95.0193,0
97.2356,18.5241,15.4222,72.2171,43.4218,0
27.8917,80.347,83.6187,68.3648,38.6828,0
7.1229,9.70552,73.9881,12.2093,60.6012,0
4.17794,30.4524,25.4108,94.0647,17.0428,0
48.2482,89.1601,37.4158,98.5399,55.394,1
37.5462,4.5342,27.4793,85.984,32.0657,0
47.4314,0.984338,44.4352,98.8945,89.1941,1
63.8853,14.287,13.8581,76.7056,7.85071,0
84.0513,23.5114,83.0739,61.4084,70.5521,0
89.252,86.6754,97.2953,24.9466,84.3897,1
77.7871,48.4605,38.9696,18.7889,7.64345,0
45.8747,48.7296,91.6414,70.0381,27.9717,0
18.856,78.0639,30.4206,22.4842,31.0983,0
53.7054,89.3014,37.0932,85.571,12.86,0
51.1285,56.7045,75.0094,1.57562,32.4215,0
25.5792,39.2695,35.5412,49.498,59.5789,0
18.5237,41.4636,87.1473,62.1297,58.8891,0
12.1441,2.60503,47.2054,22.5518,49.1806,0
18.8448,1.13348,11.8485,65.7212,95.7642,0
99.0167,81.6347,72.885,74.1506,42.2288,0
65.8407,19.2844,18.3841,20.3635,79.5884,0
33.6145,25.2515,35.1662,87.1812,38.1338,0
87.1747,11.3672,2.42431,72.1478,21.1317,0
31.0092,5.93633,27.7668,36.8582,29.7071,0
74.4941,15.1617,48.5128,19.3445,88.806,0
2.50834,8.06934,88.5876,2.72592,21.6074,0
43.4165,3.95298,36.9257,9.62476,32.2325,0
39.036,90.152,80.383,20.5852,46.2653,0
20.4828,30.1427,18.4228,93.2419,77.8154,0
29.5652,94.9994,24.3824,12.0686,0.555267,0
98.3877,51.5417,25.1139,80.0629,13.2438,0
65.0853,93.6124,73.2857,54.314,69.8423,1
9.44255,73.6815,34.5967,52.8743,23.3703,0
38.0129,47.6333,9.77399,4.46691,8.99268,0
73.3337,31.0635,5.23578,6.6383,39.9761,0
13.9694,90.9742,35.1139,56.4863,9.52585,0
68.5508,70.5967,80.6367,27.1766,82.5185,0
76.8175,75.3309,6.47839,91.451,49.3235,0
66.4381,61.8832,9.58331,21.7077,79.7165,0
16.9171,77.3265,39.4551,88.3799,82.7612,0
2.60367,50.8714,60.6092,67.1159,8.32948,0
21.807,7.83196,64.1982,66.798,56.1033,0
46.7611,55.871,39.3155,45.8434,26.0348,0
19.1821,13.5708,15.0357,36.2825,6.58797,0
15.3807,56.1828,87.018,40.5296,72.9185,0
93.3203,27.5522,60.4467,97.7878,12.7024,0
55.6985,72.1684,92.7016,24.6593,8.9739,0
80.6911,99.1679,9.14436,4.12333,82.8836,1
56.4353,82.7468,8.39885,47.9135,7.45389,0
6.26703,92.7698,14.4182,65.2648,91.6042,0
66.4384,52.032,50.1115,35.8783,20.0802,0
92.3936,89.0557,77.2149,61.3479,38.0804,0
79.7448,92.6973,30.5839,59.2288,67.1061,1
28.3159,44.3303,66.5023,56.8747,28.3451,0
65.1746,59.2793,47.4223,89.2824,65.1976,0
80.0692,51.4519,67.7342,67.3676,33.3819,0
50.6352,89.3951,53.7001,43.6091,94.7047,1
31.844,0.389403,36.0499,53.8426,2.14953,0
22.434,81.4521,9.27851,36.4848,32.6271,0
14.2306,53.9541,49.2005,52.3977,78.7234,0
32.0356,20.2788,49.346,93.5223,81.3765,0
49.5365,66.5306,66.4597,9.0804,82.4104,0
71.8315,97.437,38.5514,50.7161,29.7655,0
8.67661,84.9732,1.63293,15.3763,51.2887,0
49.7971,5.3213,10.8257,83.7169,51.3958,0
57.9948,34.8142,96.9705,54.293,49.7793,0
4.19131,67.895,16.9665,67.9508,14.6439,0
94.8722,30.2631,51.176,34.5838,75.6067,0
31.4036,97.42,12.2737,4.42062,33.7236,0
7.3563,25.9393,1.73603,57.6207,78.6422,0
37.1382,43.3675,49.8553,92.4229,74.6956,0
28.1723,70.9366,49.5377,83.6143,12.3669,0
50.1197,9.73255,4.91063,72.6906,23.2793,0
39.6024,42.0285,58.7141,64.7448,75.9247,0
27.3199,1.55824,16.7518,31.2974,9.76444,0
46.6503,74.1106,97.1514,53.7868,78.3338,0
17.7992,62.9834,20.249,90.3217,16.9779,0
96.3359,20.7762,94.7747,65.5674,12.314,1
60.0588,22.6842,11.1678,89.1262,72.3854,0
15.1619,77.8337,45.5598,2.26693,12.95,0
2.06754,84.8725,41.2419,52.4738,68.2072,0
17.4067,19.8927,58.4017,95.9046,73.1065,0
5.10935,84.071,74.9076,46.8348,58.2479,0
12.214,6.72149,1.46488,85.6286,61.2752,0
11.0832,33.8106,94.2661,13.6227,3.71603,0
99.7085,33.561,97.0754,10.7668,84.7739,1
72.7897,25.5333,5.71811,29.0948,36.8057,0
97.3239,62.8406,22.8068,62.1904,57.8666,0
52.2512,95.4014,72.1264,85.6185,84.383,1
58.0204,85.9216,51.4879,67.3988,24.0061,0
29.5006,45.851,55.1934,54.9546,27.0213,0
87.1783,51.945,53.6612,28.4789,53.6839,0
73.0672,26.6077,4.91288,8.74455,31.3055,0
76.2728,50.2432,49.5408,54.8366,23.1288,0
31.1662,89.3868,39.2918,14.2024,58.878,0
58.7092,21.7831,90.9655,81.3943,64.9243,0
88.6856,13.208,88.6494,98.4211,46.4965,1
31.7082,70.7601,61.5849,22.4707,56.3459,0
43.4508,42.9916,2.68583,43.6932,52.0415,0
85.7772,54.0722,76.1522,82.5567,44.5031,1
44.1785,92.6559,64.2676,96.3625,35.1536,0
50.6386,18.9767,22.8102,36.1983,40.8676,0
40.5503,18.1983,64.0747,0.839389,69.0803,0
58.4451,77.7259,65.738,18.6808,93.9599,0
55.9724,54.8824,8.83948,12.2453,86.6057,0
51.5109,38.8226,7.68682,58.546,8.14466,0
83.7025,99.065,46.2842,36.4412,88.6039,1
90.552,82.2437,35.4546,7.58801,1.23137,0
9.14399,4.92921,35.8694,64.605,59.4452,0
75.4197,89.2982,30.5641,80.8053,89.5569,1
40.3842,75.0191,76.9885,97.6853,65.1102,1
34.6146,71.0783,45.1318,28.5094,89.1482,0
13.4626,93.1141,4.92863,92.0898,40.9698,0
60.3029,15.374,23.586,63.5394,12.8233,0
71.3549,88.5208,73.8978,71.648,58.5636,1
40.7729,8.04862,90.6816,61.449,66.9738,0
78.1441,58.3285,39.3471,37.8884,25.6772,0
44.8663,69.0118,3.51782,14.4167,95.3345,0
91.8498,22.7569,16.8904,86.4538,33.5325,0
0.211876,26.79,37.4155,33.6045,54.6218,0
98.3344,86.5482,98.1174,24.1557,74.6513,1
7.62221,92.4303,99.2592,82.4046,49.8225,1
88.0326,57.3878,27.1509,91.6372,74.9372,1
15.5485,51.3723,2.48003,47.2965,4.22241,0
50.3543,26.1281,25.6453,44.9634,92.6468,0
56.1108,42.5318,79.8851,89.4345,94.4984,1
1.74146,50.5836,38.2854,15.8571,8.17199,0
53.4801,0.968861,86.7614,15.3633,82.2544,0
50.3625,27.1593,23.9614,47.1627,38.6997,0
23.908,17.7951,33.9882,45.7902,44.1689,0
81.2242,18.6272,14.3978,96.9754,30.2394,0
40.9692,1.62247,75.6618,57.4935,44.6952,0
46.0409,60.3315,92.2053,32.0094,85.0396,0
90.0063,97.4416,57.4685,48.6739,32.4698,0
6.80864,56.2591,44.2403,47.2054,46.3717,0
8.36544,89.6971,77.8093,69.5569,41.2044,0
74.006,29.6908,20.6007,92.0662,43.5905,0
71.9422,32.474,74.6169,6.77643,20.2024,0
39.8656,23.7618,77.276,49.727,77.1154,0
20.6414,75.9284,28.2295,99.6241,4.48487,1
41.6193,64.3631,52.6921,66.6063,3.9592,0
4.88397,84.5425,19.6997,40.4258,42.8801,0
42.5521,96.3154,90.1694,95.4869,86.4375,1
4.45476,10.5326,18.1735,23.7237,60.201,0
98.4098,85.7409,11.7333,46.0052,9.74574,0
93.5917,79.7031,33.5305,44.7436,94.7443,1
36.9774,33.1147,48.2535,74.0366,49.0342,0
23.9393,48.2646,52.3228,42.5605,3.45374,0
99.9811,80.8677,57.6038,56.8531,45.2196,1
94.4207,61.9154,13.793,54.3728,74.2176,0
76.748,18.2416,95.1897,97.3651,93.3555,1
11.3254,58.7183,22.6333,73.7491,76.9668,0
54.2706,43.8712,7.87593,79.4079,78.7273,0
80.0979,16.9517,62.5559,49.0693,49.1784,0
2.57334,65.4568,51.5606,43.7326,22.4601,0
59.4492,57.394,21.5155,50.0906,75.8988,0
43.2366,31.6019,26.6863,50.9763,79.4042,0
91.6929,32.2613,87.2036,67.3851,13.5576,0
20.6567,46.994,3.11867,19.5897,49.7679,0
86.9018,61.1473,5.66819,36.1149,37.617,0
5.51686,40.3342,91.6022,27.9967,34.7567,0
91.6622,58.2625,6.16771,58.0841,10.2679,0
20.0156,98.0358,43.3985,93.8305,26.8506,0
84.995,50.6198,14.3975,94.4449,51.0983,0
57.2523,49.203,93.8679,53.9211,67.5536,0
53.2995,66.7605,26.8756,28.3692,22.2866,0
48.3624,50.4708,26.6314,28.4341,56.1899,0
20.6702,5.88916,88.5103,17.4917,93.3125,0
85.0302,96.9635,9.45192,95.2479,36.2356,0
81.4648,71.1065,97.4827,12.5868,75.3921,1
28.3354,51.8086,68.5,26.5019,64.2291,0
26.5226,63.453,79.0108,8.42994,17.4524,0
4.51996,50.6068,4.7045,96.3326,86.1576,0
42.1951,11.1221,11.5198,3.60904,79.0578,0
88.37,19.7434,32.9505,97.4545,34.2813,0
36.8852,41.7231,20.3671,60.2317,28.001,0
57.9551,90.3583,68.5893,12.0422,18.0441,0
37.756,56.6952,65.397,21.1518,24.5495,0
29.2787,16.1441,43.444,0.570441,61.7234,0
23.3563,51.437,45.4532,93.2074,15.041,0
10.3756,53.4506,59.5512,20.4967,8.31073,0
71.7613,92.3968,32.3202,90.7761,35.947,0
4.28891,96.7507,25.5189,77.9079,71.6299,0
29.3168,65.1299,89.3581,91.2341,84.0207,0
58.0184,98.2418,36.1001,18.199,48.2755,0
89.7071,96.8741,84.2048,83.2864,24.369,1
75.5956,60.8436,62.8839,87.292,9.8368,0
57.8168,17.3859,48.8516,47.1345,94.7089,0
37.3678,63.5497,99.327,96.0737,53.3693,1
55.3209,62.1456,58.6857,78.3594,96.0862,0
61.7797,34.4199,52.8591,93.4228,83.6056,0
31.0195,71.3151,70.7526,71.627,53.9742,0
85.0693,59.2168,98.0642,67.15,91.7967,1
93.4452,27.394,31.0845,39.7898,97.466,1
14.5228,65.0579,95.5523,46.8897,13.748,0
99.1773,13.3214,89.3141,35.5231,12.3165,1
82.6209,63.0865,38.1963,3.52406,3.17366,0
72.8098,86.3915,73.2194,59.8692,41.1234,0
67.9327,36.363,73.1569,93.5708,35.7191,0
55.8734,35.6945,27.7297,73.9579,20.2287,0
3.57636,74.1683,6.79162,30.1848,94.0139,0
72.6347,34.1555,95.6716,14.491,79.2851,0
0.315582,71.3482,28.6574,34.3738,34.3767,0
80.4224,82.482,46.4648,65.7101,69.5736,1
24.6709,63.46,51.1202,42.4843,42.4383,0
65.6938,80.8916,59.3844,84.9188,35.6811,0
54.6216,80.4268,11.6571,30.6444,75.8069,0
59.0079,34.0012,39.7728,61.0749,34.4133,0
79.018,14.9379,90.381,51.7059,79.8382,0
83.4381,66.7076,12.8765,91.0361,14.4053,0
56.4617,65.89,15.7981,10.5813,99.981,1
62.7361,26.5999,14.6319,61.86,68.7146,0
11.3132,20.9616,46.3894,38.104,70.3191,0
89.3747,75.8071,26.4043,6.95487,76.9092,0
41.3598,41.0479,52.9135,71.111,69.9879,0
38.2301,9.4132,38.9448,86.6667,13.5333,0
28.9277,75.4568,85.0833,45.0908,82.3029,0
96.1265,67.3081,91.5933,79.3819,96.5658,1
52.9874,63.8705,40.6987,51.0778,77.9081,0
77.0001,48.6085,23.8908,7.76977,61.8114,0
3.91044,61.4015,89.4739,66.5484,57.7109,0
91.7595,83.0397,27.2689,8.67046,66.0778,0
33.7462,24.5832,3.45257,84.669,51.8358,0
39.3273,24.8241,75.2671,80.0095,49.794,0
52.3216,58.4923,29.3945,66.074,3.61214,0
22.7143,30.9274,61.1057,30.835,23.9422,0
53.1566,9.80978,33.1684,95.4745,12.4508,0
64.4543,55.9587,54.562,51.1436,86.394,0
12.0441,94.0461,38.3521,65.283,91.4468,0
72.0939,20.1437,10.4739,33.7051,71.5996,0
63.3354,4.76677,78.4474,1.40513,7.53175,0
18.5848,33.2969,17.1503,28.6389,37.8767,0
19.7475,14.7359,33.7636,65.4698,38.3636,0
38.4106,6.24998,8.67391,17.7681,5.94721,0
75.1931,50.905,8.68594,88.3781,61.3012,0
81.9446,94.1507,14.9493,22.4023,28.7471,0
44.8434,53.2985,88.5327,81.6469,40.5748,0
30.9216,8.61551,34.3474,51.9433,94.1419,0
70.8626,42.8328,14.5312,96.4649,50.6249,0
42.8981,27.0636,44.7413,86.2022,83.2395,0
34.5485,95.7282,24.1578,0.0370636,88.6241,0
15.8841,18.2436,53.5608,69.0724,85.9017,0
78.8687,35.9085,42.4268,85.6421,44.215,0
16.4795,67.2524,80.2864,56.323,10.0739,0
45.0975,91.642,31.776,95.5634,32.9483,0
65.6323,31.3784,43.6486,89.6495,76.9036,0
64.9964,32.8346,46.1881,78.084,28.2472,0
48.6513,37.0822,67.7327,2.58343,25.1529,0
40.8309,67.5268,36.7343,96.0194,60.2539,0
92.4791,93.9623,88.1469,30.3888,53.7486,1
43.9724,42.3707,39.3153,7.2444,22.1796,0
6.41975,53.3365,41.2018,96.8933,65.9516,0
78.7088,81.511,45.9,95.4148,94.0282,1
17.3385,73.5849,66.0407,17.8553,77.9135,0
84.7686,71.4853,25.6066,83.0062,70.1351,1
97.2096,92.8466,83.643,42.1225,12.348,1
16.9257,49.1617,26.5833,66.6904,55.5361,0
86.9216,93.7941,31.456,46.3739,99.4795,1
47.2521,86.4299,45.7583,91.6584,46.3279,0
11.7221,99.0853,39.5169,50.3037,25.6956,0
42.9599,65.183,24.4081,65.7792,11.6807,0
7.37236,68.9871,28.5574,29.3078,79.1381,0
69.4152,71.0349,26.129,92.228,91.9929,0
79.521,92.1339,97.7498,27.486,84.3479,1
70.4148,10.3478,94.6733,49.0745,82.18,0
68.9649,10.2158,60.8532,65.4894,28.4528,0
65.1365,13.1585,44.3427,14.2815,16.2658,0
8.20318,97.4533,12.3871,59.1594,58.8134,0
90.0019,65.4007,61.2724,85.7212,62.8572,1
91.2094,59.3239,70.841,54.3881,71.5063,0
35.6661,77.9704,37.6639,33.1943,59.2749,0
45.247,83.1173,1.94283,99.8661,12.4676,1
75.6007,34.8278,33.651,2.8833,41.6609,0
76.4171,79.9376,68.9274,25.4652,49.8392,0
80.7592,81.256,40.8159,63.8649,43.314,0
14.3929,50.8637,54.9976,46.9004,52.0251,0
93.5009,40.1185,68.6841,60.4614,74.846,0
18.4366,68.7857,54.0316,14.7777,26.9482,0
52.2197,38.5455,58.3725,16.9224,41.0109,0
66.3434,82.9038,15.0427,90.5161,45.9757,0
59.2983,67.2455,19.1137,75.4717,43.2519,0
24.1173,89.7071,82.7377,93.42,98.0933,1
27.1514,52.7407,99.1645,24.1274,51.1177,0
93.0729,72.6751,31.2862,64.1368,1.8442,0
11.4431,5.81951,94.0775,79.1892,90.0369,0
18.5006,17.4909,97.4557,65.2063,10.4426,0
46.4112,71.3419,63.7661,81.5767,4.44871,0
37.9613,83.7039,97.823,56.9639,4.66588,0
91.4117,54.7217,47.9465,48.9297,26.9162,0
87.2084,5.9199,49.8482,45.5746,95.028,0
56.1339,92.0156,43.7386,47.5939,22.0969,0
44.1643,47.2818,71.4019,85.9456,76.0606,0
48.7026,35.8999,18.0625,38.7615,56.3042,0
59.2109,8.34363,32.5069,79.2963,20.4214,0
71.4782,55.7512,64.8489,15.1503,70.4807,0
10.6361,84.6068,38.477,53.3585,18.2229,0
71.4581,97.5808,48.5391,21.2253,95.8612,1
93.8868,49.1223,19.5327,42.785,71.6416,0
13.9653,35.2225,14.7442,41.5846,92.3426,0
7.3397,79.2797,51.1555,80.9562,30.4836,0
13.4917,44.3914,8.64348,38.1608,31.0191,0
40.8837,73.2234,9.47838,46.8894,82.0825,0
87.1605,42.2681,28.7967,0.916443,9.07904,0
41.3854,87.5479,1.85957,76.1788,49.6556,0
99.0173,29.2736,92.717,5.15001,85.4285,1
35.9263,15.1681,15.4962,19.3469,13.7105,0
89.0382,44.1503,63.2293,92.8381,7.70635,0
44.5167,29.3853,75.946,54.2601,86.1053,0
45.1119,57.9749,62.8985,88.1499,97.2381,1
16.4295,90.5083,60.226,72.6589,31.8004,0
4.83504,45.1273,25.5859,55.4351,68.3708,0
4.55114,25.4916,13.9511,55.6134,1.64626,0
63.1333,46.8417,95.3074,5.55689,49.7222,0
20.914,16.4565,53.9867,19.741,74.4064,0
40.7101,87.9145,5.54078,35.2292,51.0655,0
56.4143,84.3029,39.1104,88.0232,74.7635,1
86.5182,42.0262,83.1422,64.9148,4.74027,0
83.3636,94.9239,68.9874,39.2732,53.4979,0
88.8909,71.4437,39.4918,6.46891,59.3428,0
93.0465,50.0925,47.0944,6.28158,76.5033,0
97.3134,81.3465,29.2117,89.3495,53.834,0
34.6796,50.7917,80.5011,10.1557,5.37085,0
36.9489,22.7887,79.1166,51.1436,39.952,0
35.1454,27.2628,21.6826,45.7579,88.626,0
62.089,93.0871,71.1885,26.4622,94.2283,1
80.393,73.7352,20.2463,36.9462,47.9824,0
25.7928,93.2619,85.1326,30.9494,12.4175,0
79.6489,3.03467,64.7606,6.61346,73.0414,0
67.0728,99.796,37.191,6.51814,17.4793,1
33.6851,88.4885,21.1663,46.4072,42.3913,0
58.1783,70.2553,47.5471,56.8722,3.20593,0
52.6893,12.0989,90.7751,75.7893,64.3817,0
53.9934,75.864,10.6335,82.2441,64.6572,0
66.9385,81.3008,50.7804,65.2554,71.5817,1
62.5054,97.6195,98.2376,60.4094,86.1423,1
37.7744,45.7215,84.6817,4.22572,89.4234,0
12.4219,53.081,63.4163,38.7609,98.2599,1
19.2053,57.0887,37.998,19.2394,13.8414,0
41.1265,84.5996,75.4847,89.8165,93.9542,1
11.7513,28.6781,86.7614,12.3738,59.8128,0
63.4044,20.09,9.53278,25.787,72.0683,0
44.2497,35.3297,62.9033,6.37125,22.3534,0
88.0938,13.0975,44.7827,24.2851,81.0224,0
86.4196,77.1112,18.1929,99.5723,99.2483,1
95.355,59.4355,97.3918,21.109,11.8724,0
26.3601,85.9238,86.4111,46.4216,3.03026,0
24.028,62.2666,64.7573,29.3917,39.2637,0
42.2049,86.1693,65.368,73.8026,12.2594,0
22.8638,29.1538,22.1227,33.8376,25.061,0
86.1091,57.8883,7.67104,45.845,49.4954,0
53.1428,88.1423,55.7348,97.3725,50.2114,1
30.5915,89.231,65.6078,74.0354,96.6677,1
78.0631,48.3442,51.9365,11.9461,52.8593,0
70.8514,11.0233,24.7047,37.0179,1.35088,0
18.3976,37.6444,31.0397,41.4026,46.4175,0
30.0458,66.5499,85.2715,74.7711,34.125,0
23.6113,75.3686,75.2025,63.518,87.4435,0
61.6051,74.1051,89.3771,87.0142,69.8178,1
55.9914,18.7261,38.0053,19.1181,6.65215,0
23.817,4.55195,72.986,76.8767,10.6239,0
79.7656,16.8774,46.6411,76.9543,62.7843,0
74.2962,71.4288,16.2342,77.3621,89.2831,0
80.6903,11.2468,22.8664,12.318,33.6018,0
31.5881,58.6269,11.7535,56.689,16.8569,0
82.349,68.0463,44.4064,43.9305,38.3317,0
7.62745,50.6728,20.9856,13.972,72.6434,0
78.6777,41.2241,59.5336,86.9065,91.8401,0
59.7316,72.8445,5.37358,18.0256,97.8341,0
74.4443,46.4532,4.32579,4.64054,15.3102,0
96.3893,61.782,16.4383,93.9128,23.1605,0
22.3605,33.852,97.1703,52.7546,65.4745,0
78.3437,88.0093,66.1524,14.0151,27.5949,0
52.3404,83.1014,32.99,88.3217,64.4838,0
94.9398,43.0891,37.9916,33.8318,30.6379,0
59.0159,31.0395,19.5213,8.98251,48.0676,0
38.6083,45.9728,80.5783,55.6793,52.7064,0
95.8521,97.9187,35.7938,69.9226,55.581,0
70.5464,8.11628,77.955,76.9657,94.3166,0
63.1201,94.7549,24.4997,2.02374,85.8396,0
37.2029,43.6071,72.0939,89.1272,58.2441,0
76.3176,44.6419,25.5719,85.6456,34.0405,0
81.0487,79.1516,6.29476,85.3928,38.043,0
2.07987,76.2798,56.1719,32.7531,73.6214,0
45.7382,6.37985,39.0273,78.1687,96.309,0
